episode,outcome,reward,turns,valid_move_rate,policy_loss,value_loss,total_loss,time_sec
1,DRAW,0.15000000000000002,60,100.0,0.00013567606220021844,0.026038149371743202,-0.0193347055464983,0.2003800868988037
2,DRAW,0.10000000000000005,60,100.0,-0.0019343058811500669,0.5813058018684387,0.2619301676750183,0.17953729629516602
3,DRAW,-0.15,60,100.0,0.16752482950687408,0.2633759379386902,0.28477585315704346,0.1759498119354248
4,DRAW,-0.45,60,100.0,-0.2923263609409332,0.025382833555340767,-0.29542645812034607,0.17659711837768555
5,DRAW,0.25000000000000006,60,100.0,-0.22485388815402985,0.5066683888435364,0.022074196487665176,0.17644810676574707
6,LOSS,-1.375,51,100.0,-0.023842453956604004,0.04085303843021393,-0.008630877360701561,0.14778590202331543
7,DRAW,-0.04999999999999996,60,100.0,-0.04489568620920181,0.2732445299625397,0.0868014544248581,0.17617392539978027
8,DRAW,0.24999999999999997,60,100.0,-0.00812375359237194,0.5447428822517395,0.25833526253700256,0.17612099647521973
9,DRAW,-0.14999999999999997,60,100.0,0.07499463111162186,0.038742680102586746,0.08955752104520798,0.17532110214233398
10,DRAW,-0.4000000000000001,60,100.0,0.3241821229457855,0.013102306984364986,0.32621321082115173,0.17629408836364746
11,DRAW,2.2551405187698492e-17,60,100.0,-0.08776182681322098,0.11934841424226761,-0.029323523864150047,0.1755537986755371
12,DRAW,0.6,60,100.0,-0.0813421905040741,0.02420203760266304,-0.07239752262830734,0.17561721801757812
13,DRAW,-0.09999999999999999,60,100.0,0.15650655329227448,0.14270518720149994,0.22511784732341766,0.17603206634521484
14,DRAW,0.25,60,100.0,0.05669764056801796,0.026743881404399872,0.06676805764436722,0.17548918724060059
15,DRAW,0.15000000000000005,60,100.0,-0.019652755931019783,0.01998758502304554,-0.01209338754415512,0.1754770278930664
16,DRAW,0.25,60,100.0,0.08163776993751526,0.03902802616357803,0.10003438591957092,0.1768648624420166
17,DRAW,-0.35000000000000003,60,100.0,0.03510274365544319,0.024374617263674736,0.04713674262166023,0.17526698112487793
18,DRAW,0.65,60,100.0,0.0035627661272883415,0.13256627321243286,0.06923947483301163,0.17514801025390625
19,DRAW,-0.15,60,100.0,-0.0001103832692024298,0.021824777126312256,0.010780622251331806,0.17733073234558105
20,DRAW,-0.20000000000000004,60,100.0,-0.07138263434171677,0.10526023805141449,-0.019495386630296707,0.17615294456481934
21,DRAW,0.15000000000000002,60,100.0,0.13879095017910004,0.050671763718128204,0.16111698746681213,0.17618513107299805
22,DRAW,0.5,60,100.0,0.10768305510282516,0.08322618901729584,0.1470434069633484,0.17646002769470215
23,DRAW,-0.55,60,100.0,0.0019641523249447346,0.5195568799972534,0.26118192076683044,0.17503094673156738
24,DRAW,-3.122502256758253e-17,60,100.0,0.023907294496893883,0.2219986766576767,0.13405749201774597,0.17580485343933105
25,DRAW,-0.4,60,100.0,0.005568300373852253,0.15622735023498535,0.08337327837944031,0.1759321689605713
26,DRAW,1.0,60,100.0,-0.06016639620065689,0.2959354817867279,0.08574198186397552,0.1748039722442627
27,DRAW,-0.4,60,100.0,0.0016711592907086015,0.019794154912233353,0.011278652586042881,0.18742680549621582
28,DRAW,-0.10000000000000006,60,100.0,0.09519318491220474,0.06280244141817093,0.12485790997743607,0.17530274391174316
29,DRAW,-0.8,60,100.0,0.00011006964632542804,0.0052910312078893185,0.0027489233762025833,0.17512011528015137
30,DRAW,0.19999999999999998,60,100.0,-0.000529382610693574,0.1948193907737732,0.09637507796287537,0.17561697959899902
31,DRAW,-0.09999999999999999,60,100.0,-0.00022652550251223147,0.07279233634471893,0.03615941107273102,0.17531418800354004
32,DRAW,0.19999999999999998,60,100.0,-0.00979081355035305,0.09364938735961914,0.03444657474756241,0.17489385604858398
33,DRAW,-0.10000000000000003,60,100.0,0.20534297823905945,0.07915159314870834,0.24340808391571045,0.17547011375427246
34,DRAW,-0.20000000000000004,60,100.0,4.3822052248287946e-05,0.13701890408992767,0.06851283460855484,0.17496657371520996
35,DRAW,-0.15,60,100.0,-9.45645524552674e-07,0.1042938232421875,0.05214541405439377,0.17455506324768066
36,DRAW,0.2,60,100.0,0.09336516261100769,0.0360739566385746,0.11100861430168152,0.17566180229187012
37,DRAW,-0.35,60,100.0,0.01633467897772789,0.11886444687843323,0.07552805542945862,0.17482280731201172
38,DRAW,-0.25000000000000006,60,100.0,-0.010965573601424694,0.03186411410570145,0.00459578912705183,0.1742260456085205
39,DRAW,0.3,60,100.0,0.00024898353149183095,0.06688057631254196,0.033659011125564575,0.17609906196594238
40,DRAW,0.05,60,100.0,-0.0067769382148981094,0.06499069929122925,0.025327829644083977,0.17464303970336914
41,DRAW,-0.15,60,100.0,-0.024097081273794174,0.0061971270479261875,-0.021557705476880074,0.17464876174926758
42,DRAW,-0.20000000000000004,60,100.0,-0.003652693470939994,0.004871702753007412,-0.0013622918631881475,0.17502784729003906
43,DRAW,-0.6,60,100.0,7.274925883393735e-05,0.06519588828086853,0.032661549746990204,0.17397403717041016
44,DRAW,0.10000000000000002,60,100.0,-0.11611808836460114,0.026343083009123802,-0.10301116108894348,0.175339937210083
45,DRAW,0.25,60,100.0,0.02134890668094158,0.06463023275136948,0.05347711592912674,0.18294787406921387
46,DRAW,0.4,60,100.0,-8.34229213069193e-05,0.10081185400485992,0.05031055212020874,0.17406105995178223
47,DRAW,-0.2,60,100.0,-7.820664177415892e-05,0.00959404930472374,0.004704935941845179,0.1749129295349121
48,DRAW,-0.5,60,100.0,0.07884799689054489,0.054235029965639114,0.10461824387311935,0.17456269264221191
49,DRAW,-0.35,60,100.0,0.036513686180114746,0.0418538972735405,0.05597081407904625,0.1738429069519043
50,DRAW,-1.5612511283791264e-17,60,100.0,-0.0007547521963715553,0.07062474638223648,0.03450371325016022,0.1822829246520996
